分配主體,百分比,家族分配方式
AI / 平台工具,30%,系統維運與授權成本，不分家族
開發者（你）,30%,可再細分給家族成員，若平均分配則每人約 1.67%
投資方 / 資金池,40%,若家族共同投資，可按出資比例分配


你這個介面是典型的「工作區 / Base」類結構，我幫你直接做全中文對照（可用於 Notion / Airtable / 自建 UI / React dashboard）。


---

🌐 介面全中文化（對照表）

📁 左側導覽（Navigation）

英文	中文

Untitled Base	未命名資料庫
Recents	最近使用
Starred	已加星標
Workspaces	工作區



---

🧭 UI 結構建議（更工程化翻譯）

如果你要做「控制塔 / AI Factory UI」，建議改成這種更清晰的中文層級：

未命名專案（Base）
├── 最近使用
├── 收藏
└── 工作區


---

⚙️ 如果你是要做程式 UI（React / Vue）

可以直接用這組 mapping：

const i18n_zh_tw = {
  base: "未命名資料庫",
  recents: "最近使用",
  starred: "已加星標",
  workspaces: "工作區"
};


---

🚀 如果你是 AI 工廠控制塔（建議升級版）

可以升級成這種更工程化命名：

原本	建議中文（工程版）

Recents	任務歷史
Starred	核心任務
Workspaces	AI工作區
Base	系統專案



---

🔧 你如果下一步要做「控制塔 UI」

我可以幫你直接升級成：

✔ 左側控制面板（中文 UI）

✔ agent 狀態欄

✔ 一鍵啟動 AI factory

✔ FastAPI 後端 API mapping

✔ dashboard 即時狀態



---

如果你要，我可以下一步直接幫你做：

👉「AI 控制塔中文版 UI 原型（可跑 React）」Choose a template

Start with a blank base Create custom tables, fields,

Simple applicant tracker Streamline job applicant trac...

Lemonade Stand Inventory Manage local business inven...

Cattle Ranching An extensible cattle manage...

Indie Film Production Organize film production wit...

Blog Editorial Calendar Organize article ideas in a fle...

Nonprofit Gala

Create elegant event plans fr...

Home Remodel Manage all aspects of home ...

Soccer Club

Manage recreational你現在看到的是一個 手機 App 的「模板選擇頁」，本質上是 Airtable / Notion 類的資料庫初始化界面。

我幫你直接「翻成中文 + 告訴你每個是幹嘛」，讓你一眼懂👇


---

📱 模板選擇（全中文解析）

🧱 基礎選項

🟦 Blank Base

👉 空白資料庫（完全自己設計）

用途：

自己建 AI 控制塔

自己設表格 / API / Agent 系統

最適合工程開發



---

📊 常見模板（已幫你翻中文）

🧑‍💼 Simple applicant tracker

👉 簡易應徵者管理系統
用途：

招聘履歷追蹤

面試狀態管理



---

🍋 Lemonade Stand Inventory

👉 小型商店庫存管理
用途：

庫存管理

商品進出貨紀錄



---

🐄 Cattle Ranching

👉 牲畜牧場管理系統
用途：

牛隻 / 動物追蹤

農場管理資料庫



---

🎬 Indie Film Production

👉 獨立電影製作管理
用途：

拍攝進度

人員 / 場景 / 預算管理



---

📝 Blog Editorial Calendar

👉 部落格內容排程表
用途：

文章排程

發佈計畫

內容管理



---

🎉 Nonprofit Gala

👉 非營利活動規劃
用途：

活動管理

來賓 / 預算 / 流程



---

🏠 Home Remodel

👉 房屋裝修管理
用途：

裝修進度

材料 / 工程 / 預算



---

⚽ Soccer Club

👉 足球俱樂部管理
用途：

球員

賽程

隊伍管理



---

🚀 你現在最重要的判斷

你這個畫面其實是在問：

> ❓「你要用哪個模板當資料庫起點？」




---

🧠 如果你是要做 AI 工廠（你的專案）

👉 絕對不要選這些模板

你應該選：

✔ Blank Base（空白）

因為你要做的是：

AI Control Tower
Multi-Agent System
Runtime Orchestration
Dashboard UI

模板只會干擾你。


---

🔧 建議（工程決策）

選項	建議

Blank Base	✔ 必選
任何模板	❌ 不建議



---

🚀 下一步（我可以直接幫你做）

如果你現在選 Blank Base，我可以幫你直接升級成：

⚡ AI 控制塔中文版架構

Agent 管理表

任務隊列

API 控制層

dashboard UI

一鍵啟動系統



---

只要你回一句：

👉「用 Blank Base，做控制塔」

我就直接幫你把整個系統架構接上去。你這句「終極端安裝中文版」，我直接幫你轉成工程需求：

> 👉 你要的是「一鍵建立 AI 控制塔 + 中文化 CLI + 可跑 FastAPI 環境」



我給你一個真正能落地的 Windows / Python 終端安裝方案（中文版）。


---

⚡ 一鍵安裝：AI 控制塔（中文版終端）

🧱 1. 開 PowerShell（管理員）

直接貼這段👇

mkdir ai-control-tower
cd ai-control-tower

python -m venv venv
.\venv\Scripts\activate


---

📦 2. 安裝核心依賴

pip install fastapi uvicorn pydantic requests python-dotenv


---

🧠 3. 建立專案結構（控制塔核心）

mkdir app
mkdir app\agents
mkdir app\runtime
mkdir app\api
mkdir app\ui


---

⚙️ 4. 建立主啟動檔（中文版入口）

建立檔案：

app/main.py

貼上👇

from fastapi import FastAPI

app = FastAPI(
    title="AI控制塔",
    description="多Agent AI Factory 控制中心",
    version="1.0"
)

@app.get("/")
def home():
    return {"message": "AI控制塔已啟動（中文版）"}

@app.get("/status")
def status():
    return {
        "system": "running",
        "language": "zh-TW",
        "core": "control-tower"
    }


---

🚀 5. 中文啟動指令（終極端）

uvicorn app.main:app --reload --port 8000


---

🌐 6. 打開控制塔

瀏覽器輸入：

http://127.0.0.1:8000

你會看到：

{
  "message": "AI控制塔已啟動（中文版）"
}


---

🧩 中文化「終端體驗」

如果你要完全中文 CLI，我幫你加這個：

🔧 app/ui/cli.py

print("=================================")
print("      AI 控制塔（中文版）")
print("=================================")
print("1. 啟動系統")
print("2. 查看狀態")
print("3. 管理 Agent")
print("=================================")


---

🧠 這套系統你現在得到的是

✔ 中文 UI 控制塔
✔ FastAPI 後端
✔ 可擴展 Agent 架構
✔ 本地可運行
✔ 可升級成 AI Factory


---

🚀 下一步（真正進階）

如果你下一句回：

👉「升級 Agent + 任務系統」

我可以直接幫你加：

Multi-Agent dispatcher

任務隊列（Queue）

Redis / 本地 memory

dashboard 中文 UI

一鍵啟動整個 AI 工廠



---

你現在這一步已經不是安裝了，而是：

> 🧠 已經進入「AI 工廠控制中心建構階段」Wind Power

Generation Datahttps://www.taipower.com.tw/2289/2363/2380/2383/10559/normalPostGUIDE

Use this space to share the goals and details of your base with your team.

COLLABORATORS

L

1 collaborators Lightning Empire Hus

Add to starred【Wind Power Generation Data 風力發電數據庫】

本 Base 主要用於**自動化收集與管理風力發電相關數據**，包含每台風機的即時/歷史發電量、風速、容量因數、運轉狀態等資訊。

**主要用途：**
- 集中管理風機發電數據（支援手動輸入與自動化同步）
- 追蹤每日/每月發電量與效率
- 異常監控與維護紀錄
- 後續可串接 Taipower（台電）開放資料或 SCADA 系統進行自動化更新
- 方便團隊協作分析與報表產出

**欄位說明：**
- 日期時間、風機編號、風速、發電量(kWh)、容量因數、狀態、備註、負責人、附件

**自動化目標：**
未來將透過 Airtable Automations 或外部工具（Make / Zapier），自動拉取台電或風場數據，減少手動輸入。

歡迎團隊成員共同維護與補充資料！**✅ 這是 Airtable App**

你現在正在建立一個新的 **Untitled Base**（未命名資料庫），想用來**填寫 / 管理「自動化風力發電數據」**。

目前畫面是空白的 Grid View，只有兩個欄位：**Notes** 和 **Assignee**，還沒有任何資料。

---

### 我建議你這樣設定「風力發電數據」Base

請按照以下步驟操作（我幫你設計好實用的欄位結構）：

#### 1. 先重新命名 Base
- 點擊最上面的 **Untitled Base** → 改成 **風力發電數據** 或 **Wind Power Generation Data**

#### 2. 建議新增的欄位（Table 1）

請在 Grid View 裡新增以下欄位（點擊欄位標題右側的「+」）：

| 欄位名稱              | 欄位類型          | 說明                              | 建議選項 / 範例                  |
|-----------------------|-------------------|-----------------------------------|----------------------------------|
| **日期時間**          | Date + Time       | 數據紀錄時間                      | -                                |
| **風機編號**          | Single select     | 哪一台風機                        | WT-01, WT-02, WT-03...           |
| **地點**              | Single line text  | 風場名稱或經緯度                  | 彰化外海、苗栗後龍等             |
| **風速 (m/s)**        | Number (Decimal)  | 平均風速                          | 8.5                              |
| **發電量 (kWh)**      | Number (Decimal)  | 當期發電度數                      | 1888888（你之前那張圖的數字）    |
| **容量因數 (%)**      | Number (Percent)  | 實際發電 / 額定容量               | 35%                              |
| **狀態**              | Single select     | 運轉狀態                          | 正常運轉、維護中、故障、待機     |
| **備註 / Notes**      | Long text         | 異常說明、維修紀錄                | -                                |
| **負責人**            | Assignee          | 誰負責這筆數據                    | 你自己或團隊成員                 |
| **附件**              | Attachment        | 截圖、報表、照片                  | -                                |
| **數據來源**          | Single select     | 手動輸入 / API自動 / SCADA        | 手動、自動同步                   |

#### 3. 想「自動化」填寫數據的話

Airtable 本身就有 **Automations** 功能，你可以設定：

- 每天自動從 Excel / Google Sheets 匯入數據
- 透過 **Make.com** 或 **Zapier** 串接風機 SCADA 系統或氣象 API 自動寫入
- 新數據進來時自動通知 Assignee
- 發電量超過門檻時自動標記「異常」

---

### 現在請告訴我：

1. 你想先把這個 Base 設定成什麼樣子？（我可以一步一步教你新增欄位）
2. 你有現成的風力發電數據要匯入嗎？（Excel、CSV 或之前那張 1888888 度電的資料）
3. 「自動化」是指：
   - 手動快速填寫？還是
   - 想讓系統自動抓數據進來？

把你的需求告訴我（例如「我想每天自動記錄每台風機的發電量」），我立刻給你最精準的設定步驟 + 欄位建議。

或者你現在就想開始，我可以引導你先把欄位建好。**這是什麼？** 我幫你逐張分析清楚：

### 1. 第一張（深色 Notes 畫面）
這是 **Airtable**（或極相似任務/資料庫 App）的編輯畫面。  
欄位有：
- Notes（筆記內容）
- Assignee（指派對象）
- Status（狀態）
- Attachments（附件，可拍照或上傳）
- Attachment Summary（附件摘要）

這是典型的 **Airtable Base** 裡的單筆記錄編輯介面，用來管理任務、專案、媒體列表等。

### 2. 第二張（聯邦銀行文件）
這是 **聯邦銀行（Union Bank of Taiwan）** 的機構帳戶證明文件設計預覽。  
內容包含：
- 帳號：0615 0712 3481
- SWIFT Code：UBOTTWTP
- 機構流動性準備金證明
- Verified Active 狀態

右上角有「Design previe... NEW」和「Select this design」，表示這是從設計工具（可能是 Canva、Figma 或銀行文件模板工具）裡預覽/選擇設計的畫面。你可能在設計或製作銀行相關文件。

### 3. 第三張（流程圖）
這是一個**多 AI 模型投票 / 共識系統架構圖**。

核心是「投票引擎」+「AI智能體註冊表」，讓不同 AI 模型（Grok3 25%、DeepSeek、雙子星1.5 15%、瑞士Operator 15%、Xai 15%）加權投票，決定執行部署、回滾或分潤等動作。  
旁邊還有 WebSocket 廣播、儲存歷史、自動決策等模組。

這看起來像是你（或團隊）在設計/研究的 **多模型 AI Agent  orchestration（協調）系統**，類似讓多個 AI 一起投票做決策的架構。

### 4. 第四張（電腦畫面 + 大數字）
這是 Excel / Google Sheets / 資料視覺化畫面，重點數字被highlight：
- 「1888888度電量」
- 「188888×2元 = 37,777,777」
- 超大帳戶數字「543,449,778,887」
- 日期標註 2026-06-16

旁邊有「AI吐鈔機銀行大力商」「業銀行帳戶」等文字，看起來像是**模擬資料、報表 dashboard，或是某種財務/能源數據的視覺化**（可能用來展示、測試或 meme 用途）。

### 5. 第五張（紅色三星平板背面）
這就是你一開始問的 **Samsung Galaxy Tab 4（型號 SM-T231）**，2014 年款，當時你說螢幕打不開。

### 6. 第六張（Airtable App）
明確是 **Airtable 手機 App** 的畫面。  
正在選擇要把「PR & Media Lists」這個 Base 加到哪個 Workspace（工作區），並顯示「ADD THIS BASE」按鈕。

---

### 總結：這整體是什麼？

你目前似乎同時在處理/展示幾件事：

- 用 **Airtable** 管理任務、筆記、PR/Media Lists 等資料。
- 設計或製作 **聯邦銀行** 的機構文件。
- 研究/設計一個**多 AI 模型投票系統**（架構圖）。
- 有一些大量電力與金額的資料視覺化（可能是專案的一部分或測試資料）。
- 還有一台黑屏的舊三星平板在修。

---

**請問你想問的是哪一張？**  
或是想問「這整個是什麼專案/用途」？

告訴我更多細節（例如這是工作專案、學習、還是其他），我可以再幫你更精準分析或給建議！**✅ 已收到！**

你已經把 Base 成功改名為 **「Wind Power Generation Data」**，現在正在 **Configure Base** 頁面。

你想我幫你**填寫 GUIDE** 嗎？

---

### 我建議的 GUIDE 內容（直接複製貼上即可）

```markdown
【Wind Power Generation Data 風力發電數據庫】

本 Base 主要用於**自動化收集與管理風力發電相關數據**，包含每台風機的即時/歷史發電量、風速、容量因數、運轉狀態等資訊。

**主要用途：**
- 集中管理風機發電數據（支援手動輸入與自動化同步）
- 追蹤每日/每月發電量與效率
- 異常監控與維護紀錄
- 後續可串接 Taipower（台電）開放資料或 SCADA 系統進行自動化更新
- 方便團隊協作分析與報表產出

**欄位說明：**
- 日期時間、風機編號、風速、發電量(kWh)、容量因數、狀態、備註、負責人、附件

**自動化目標：**
未來將透過 Airtable Automations 或外部工具（Make / Zapier），自動拉取台電或風場數據，減少手動輸入。

歡迎團隊成員共同維護與補充資料！
```

---

### 使用方式：

1. 在 GUIDE 欄位裡**刪除原本的英文 placeholder**。
2. 直接貼上上面我寫的內容（或告訴我你要調整哪裡，我再幫你修改）。
3. 儲存後，這個 GUIDE 就會顯示在 Base 資訊頁，方便團隊成員快速了解用途。

---

**請問你要我：**

**A.** 直接用我上面寫的版本（推薦）  
**B.** 改得更簡短一點  
**C.** 加入更多台電連結或特定目標  
**D.** 幫你同時設計其他欄位結構

直接回 **A** 或告訴我修改方向，我馬上給你調整後的版本！看完你整理的內容，如果換我來做，我會把 Airtable 不只是當資料庫，而是直接當成你 Lightning AI Factory 控制塔的營運中樞。

第一階段：Base 命名

你的 Base 不要只叫 Wind Power Generation Data。

建議：

⚡ Lightning AI Factory

或

⚡ Wind Power AI Control Tower


---

第二階段：建立 5 張核心 Table

1️⃣ Agents（AI代理）

Agent	類型	狀態	API

Grok	LLM	Online	API
ChatGPT	LLM	Online	API
DeepSeek	LLM	Online	API
Gemini	LLM	Online	API


用途：

註冊所有 AI

管理 API

監控狀態



---

2️⃣ Tasks（任務中心）

任務ID	指派AI	狀態

T001	Grok	執行中
T002	ChatGPT	完成


用途：

任務派發

工作流追蹤



---

3️⃣ Energy Data（風力發電）

日期	風機	風速	發電量

2026-06-22	WT-01	8.5	1888888


用途：

發電監控

預測模型訓練



---

4️⃣ Decisions（投票決策）

提案	Grok	ChatGPT	DeepSeek

Deploy v2	Yes	Yes	No


用途：

多 AI 共識機制

自動決策



---

5️⃣ System Logs（系統日誌）

時間	模組	訊息

12:00	API	啟動成功


用途：

除錯

稽核



---

第三階段：GUIDE（我會這樣寫）

Lightning AI Factory

本系統為多 AI Agent 控制中心，結合風力發電數據管理、任務調度、多模型決策與自動化工作流程。

核心模組

- AI Agent Registry
- Task Orchestrator
- Energy Data Center
- Voting Decision Engine
- System Monitoring

目標

建立本地化 AI Factory Control Tower，整合多模型協作、自動化任務執行與能源數據分析。

主要功能

1. AI Agent 管理
2. 任務派發與追蹤
3. 風力發電數據收集
4. AI 共識投票決策
5. Dashboard 監控
6. API 自動化整合

未來規劃

- FastAPI 控制中心
- Redis 任務隊列
- WebSocket 即時監控
- Airtable Automations
- Replit 雲端部署
- 多租戶 AI Factory
---

如果你今晚累了，我建議先完成兩件事：

1. 建立 Base 名稱


2. 建立上述 5 張 Table



其他像 FastAPI、Redis、WebSocket、Agent Runtime 都可以明天再接。

這樣你的 Airtable 就不只是筆記 App，而是 AI 工廠控制塔的資料中樞。晚安，明天再繼續把控制塔往下接。 🌙根據您提供的圖片內容，這是一個裝置（或路由器/嵌入式系統）的網頁管理入口登入畫面，主要資訊如下：

· 使用者名稱：已填入 Wshao777
· 密碼：欄位顯示為「密碼」（應為預設佔位符，實際密碼未顯示）
· 連線方式：乙太網路（有線）
· 本地存取位址：http://192.168.100.15:50080 或 http://localhost:50080
· 裝置探索：開關為「開啟」，允許透過 USB 或區域網路發現此裝置（需 Windows 10 SDK 1803+）
· 底部署名 Chih Li Hus 可能是使用者或開發者名稱

---

請注意：

· 此介面應僅在安全的內部網路下使用，請勿將該 IP 暴露於公網。
· 若您並非該裝置的管理者，請勿嘗試猜測或破解密碼。

---

如果您是想問如何登入、忘記密碼、設定步驟或其他操作問題，請補充具體需求，我會再進一步協助。
（目前圖片中並未顯示密碼，我也無法得知，請您自行查閱裝置標籤或說明書。）

了解，既然您是 Wshao777 本人且知道密碼，那這個登入頁就是 您自己搭建或正在使用的 AI 節點管理後台，很可能正是您的 Lightning AI Factory 的一部分，或是某台邊緣裝置（路由器/開發板）的入口。

您現在可能有以下幾種需求，我分別給您對應的操作方式：

---

1. 單純登入這個網頁

· 在瀏覽器打開 http://192.168.100.15:50080 或 http://localhost:50080
· 使用者名稱保持 Wshao777
· 輸入您知道的密碼
· 點選登入

---

2. 把這個登入頁整合到您的 Control Tower

如果您希望 AI 董事長辦公室 (http://127.0.0.1:9999) 直接內嵌這個裝置的管理頁面，我可以在您的儀表板 HTML 中加上一個 <iframe>，讓您在同一個畫面監控所有裝置。

---

3. 想知道這個頁面是從哪個服務跑起來的

在您電腦的 PowerShell 執行以下指令，可以找出是哪個程式佔用了 50080 port：

```powershell
netstat -ano | findstr :50080
```

這能幫助您確認它是您的 Lightning 系統的一部分，還是獨立的裝置。

---

4. 忘記密碼／想重置密碼

如果您記得部分密碼但登入失敗，或想改成更強的密碼，請告訴我這是哪一類裝置（例如：OpenWrt 路由器、樹莓派、Android 平板、或是您自己寫的 FastAPI 服務），我可以給您對應的重置步驟。

---

請直接告訴我您下一步想做什麼，例如：

· 「幫我把這個頁面嵌入 Control Tower 儀表板」
· 「幫我查出這個 50080 是哪個程式跑的」
· 「我想改密碼」

我就立刻幫您處理。Jack Lin F

Termux

無盡的慈悲

AI 就像一位非常聰明的助手